Landkreis	Bundesland	Population	Cases	Deaths	Cases_Per_Million	Deaths_Per_Million	DIVI_Intensivstationen_Covid_Prozent	DIVI_Intensivstationen_Betten_belegt_Prozent	DoublingTime_Cases_Last_Week_Per_100000
Flensburg (Kreisfreie Stadt)	Schleswig-Holstein	89934	3252	39	36159	433	0.0	88.1	12.2
Kiel (Kreisfreie Stadt)	Schleswig-Holstein	246601	8475	117	34367	474	2.4	74.4	
Lübeck (Kreisfreie Stadt)	Schleswig-Holstein	215846	7846	108	36349	500	8.3	87.2	12.6
Neumünster (Kreisfreie Stadt)	Schleswig-Holstein	79905	2940	25	36793	312	0.0	92.0	4.7
Dithmarschen (Kreis)	Schleswig-Holstein	133251	3039	58	22806	435	5.3	94.7	
Herzogtum Lauenburg (Kreis)	Schleswig-Holstein	199152	7205	122	36178	612	0.0	88.9	10.3
Nordfriesland (Kreis)	Schleswig-Holstein	167147	3929	90	23506	538	12.5	79.2	
Ostholstein (Kreis)	Schleswig-Holstein	201487	4406	88	21867	436	2.2	73.3	17.9
Pinneberg (Kreis)	Schleswig-Holstein	317085	14036	397	44265	1252	5.9	88.2	14.2
Plön (Kreis)	Schleswig-Holstein	129353	2200	36	17007	278	0.0	100.0	54.8
Rendsburg-Eckernförde (Kreis)	Schleswig-Holstein	274765	5886	67	21421	243	2.4	64.3	32.8
Schleswig-Flensburg (Kreis)	Schleswig-Holstein	202647	3949	63	19487	310	0.0	83.3	
Segeberg (Kreis)	Schleswig-Holstein	278007	9254	177	33286	636	2.4	69.4	28.9
Steinburg (Kreis)	Schleswig-Holstein	130706	3224	48	24666	367	2.6	87.2	7.6
Stormarn (Kreis)	Schleswig-Holstein	244989	9550	325	38981	1326	3.1	75.0	13.0
Saarbrücken (Landkreis)	Saarland	327502	20364	494	62179	1508	12.5	87.5	7.3
Merzig-Wadern (Landkreis)	Saarland	103471	4653	68	44969	657	0.0	100.0	13.8
Neunkirchen (Landkreis)	Saarland	131172	7098	131	54112	998	2.9	88.6	8.5
Saarlouis (Landkreis)	Saarland	193732	11470	169	59205	872	1.7	65.0	7.3
Saarpfalz-Kreis (Landkreis)	Saarland	141656	6545	116	46203	818	5.8	87.8	12.2
St. Wendel (Landkreis)	Saarland	86458	4143	114	47919	1318	7.1	92.9	16.5
Berlin Reinickendorf (Bezirk)	Berlin	259720	20175	316	77679	1216	14.3	92.0	13.3
Berlin Charlottenburg-Wilmersdorf (Bezirk)	Berlin	316223	21183	325	66987	1027	14.3	92.0	37.7
Berlin Treptow-Köpenick (Bezirk)	Berlin	272992	13860	224	50770	820	14.3	92.0	18.0
Berlin Pankow (Bezirk)	Berlin	404187	22070	226	54603	559	14.3	92.0	17.1
Berlin Neukölln (Bezirk)	Berlin	318509	29209	433	91705	1359	14.3	92.0	
Berlin Lichtenberg (Bezirk)	Berlin	292005	16752	274	57368	938	14.3	92.0	19.8
Berlin Marzahn-Hellersdorf (Bezirk)	Berlin	274076	14825	255	54090	930	14.3	92.0	
Berlin Spandau (Bezirk)	Berlin	239374	19168	269	80075	1123	14.3	92.0	14.6
Berlin Steglitz-Zehlendorf (Bezirk)	Berlin	291915	16747	431	57369	1476	14.3	92.0	
Berlin Mitte (Bezirk)	Berlin	374581	31274	355	83490	947	14.3	92.0	21.3
Berlin Friedrichshain-Kreuzberg (Bezirk)	Berlin	279210	21718	176	77783	630	14.3	92.0	34.6
Berlin Tempelhof-Schöneberg (Bezirk)	Berlin	341296	24253	489	71061	1432	14.3	92.0	54.8
Brandenburg an der Havel (Kreisfreie Stadt)	Brandenburg	72040	3084	95	42809	1318	6.2	92.3	10.5
Cottbus (Kreisfreie Stadt)	Brandenburg	98693	7760	217	78627	2198	13.6	94.3	8.7
Frankfurt (Oder) (Kreisfreie Stadt)	Brandenburg	57015	2993	113	52494	1981	33.3	83.3	17.5
Potsdam (Kreisfreie Stadt)	Brandenburg	182112	9824	250	53944	1372	13.2	79.4	18.1
Barnim (Landkreis)	Brandenburg	187343	8383	254	44746	1355	6.1	89.4	17.9
Dahme-Spreewald (Landkreis)	Brandenburg	173316	9761	265	56319	1528	20.6	85.3	20.5
Elbe-Elster (Landkreis)	Brandenburg	101085	10045	258	99371	2552	0.0	91.7	12.9
Havelland (Landkreis)	Brandenburg	164693	8540	194	51854	1177	9.5	66.7	17.6
Märkisch-Oderland (Landkreis)	Brandenburg	197195	9353	288	47430	1460	8.7	87.0	
Oberhavel (Landkreis)	Brandenburg	214234	11472	319	53548	1489	8.1	73.0	7.2
Oberspreewald-Lausitz (Landkreis)	Brandenburg	108396	9590	265	88471	2444	35.3	100.0	17.7
Oder-Spree (Landkreis)	Brandenburg	179276	10975	325	61218	1812	14.1	79.7	9.6
Ostprignitz-Ruppin (Landkreis)	Brandenburg	98808	5440	158	55056	1599	9.5	90.5	56.6
Potsdam-Mittelmark (Landkreis)	Brandenburg	217954	11212	224	51442	1027	6.5	84.8	5.7
Prignitz (Landkreis)	Brandenburg	76096	4212	165	55351	2168	7.1	64.3	10.3
Spree-Neiße (Landkreis)	Brandenburg	113011	9914	229	87725	2026	16.7	77.8	28.8
Teltow-Fläming (Landkreis)	Brandenburg	171554	9444	222	55049	1294	13.3	93.3	11.3
Uckermark (Landkreis)	Brandenburg	118250	5318	171	44972	1446	23.1	69.2	9.4
Rostock (Kreisfreie Stadt)	Mecklenburg-Vorpommern	209061	5875	63	28101	301	8.1	73.0	
Schwerin (Kreisfreie Stadt)	Mecklenburg-Vorpommern	95609	3603	115	37684	1202	1.9	96.2	8.6
Mecklenburgische Seenplatte (Landkreis)	Mecklenburg-Vorpommern	258057	10886	168	42184	651	14.7	88.0	
Rostock (Landkreis)	Mecklenburg-Vorpommern	217072	7034	183	32403	843	11.1	77.8	39.7
Vorpommern-Rügen (Landkreis)	Mecklenburg-Vorpommern	225383	6735	98	29882	434	17.9	71.4	16.3
Nordwestmecklenburg (Landkreis)	Mecklenburg-Vorpommern	157975	5495	88	34783	557	11.8	70.6	
Vorpommern-Greifswald (Landkreis)	Mecklenburg-Vorpommern	235773	12564	298	53288	1263	8.5	86.4	
Ludwigslust-Parchim (Landkreis)	Mecklenburg-Vorpommern	211844	8139	273	38419	1288	4.0	83.2	
Chemnitz (Kreisfreie Stadt)	Sachsen	244401	22337	567	91394	2319	15.2	91.8	17.6
Erzgebirgskreis (Landkreis)	Sachsen	331917	42086	981	126796	2955	40.0	85.6	34.9
Mittelsachsen (Landkreis)	Sachsen	301474	33151	724	109963	2401	42.2	93.3	18.3
Vogtlandkreis (Landkreis)	Sachsen	223905	23320	853	104151	3809	21.3	86.9	10.3
Zwickau (Landkreis)	Sachsen	312033	34884	1093	111795	3502	26.0	86.0	
Dresden (Kreisfreie Stadt)	Sachsen	556227	46628	1194	83829	2146	22.5	91.5	
Bautzen (Landkreis)	Sachsen	298010	38311	966	128556	3241	36.9	76.9	
Görlitz (Landkreis)	Sachsen	250558	27880	1199	111271	4785	30.2	76.2	
Meißen (Landkreis)	Sachsen	240371	25536	655	106235	2724	42.9	87.3	14.4
Sächsische Schweiz-Osterzgebirge (Landkreis)	Sachsen	244722	31541	1025	128885	4188	62.1	93.1	24.6
Leipzig (Kreisfreie Stadt)	Sachsen	597493	32122	552	53761	923	11.2	87.2	21.5
Leipzig (Landkreis)	Sachsen	258386	21476	376	83115	1455	19.0	98.3	6.7
Nordsachsen (Landkreis)	Sachsen	197444	17911	412	90714	2086	16.1	85.7	10.9
Dessau-Roßlau (Kreisfreie Stadt)	Sachsen-Anhalt	79354	4325	125	54502	1575	2.9	85.7	
Halle (Saale) (Kreisfreie Stadt)	Sachsen-Anhalt	237865	14593	367	61349	1542	7.5	87.3	8.6
Magdeburg (Kreisfreie Stadt)	Sachsen-Anhalt	235775	9223	170	39117	721	4.0	91.0	10.2
Altmarkkreis Salzwedel (Landkreis)	Sachsen-Anhalt	82687	4344	95	52535	1148	26.7	93.3	46.3
Anhalt-Bitterfeld (Landkreis)	Sachsen-Anhalt	157217	8985	206	57150	1310	18.2	69.7	
Börde (Landkreis)	Sachsen-Anhalt	170567	7737	142	45360	832	13.3	93.3	51.0
Burgenlandkreis (Landkreis)	Sachsen-Anhalt	177590	16669	621	93862	3496	24.1	89.7	14.8
Harz (Landkreis)	Sachsen-Anhalt	210975	11169	301	52939	1426	15.4	96.2	9.3
Jerichower Land (Landkreis)	Sachsen-Anhalt	89403	4312	163	48231	1823	18.2	100.0	20.0
Mansfeld-Südharz (Landkreis)	Sachsen-Anhalt	133690	8294	239	62039	1787	42.3	92.3	7.3
Saalekreis (Landkreis)	Sachsen-Anhalt	183434	13304	372	72527	2027	36.8	78.9	12.8
Salzlandkreis (Landkreis)	Sachsen-Anhalt	187457	11858	338	63257	1803	14.7	100.0	18.5
Stendal (Landkreis)	Sachsen-Anhalt	110485	6021	223	54496	2018	8.3	70.8	50.0
Wittenberg (Landkreis)	Sachsen-Anhalt	124185	8569	303	69001	2439	9.4	71.9	10.3
Erfurt (Kreisfreie Stadt)	Thüringen	213692	14075	290	65865	1357	34.6	87.2	21.8
Gera (Kreisfreie Stadt)	Thüringen	92126	7747	230	84091	2496	31.2	91.7	22.3
Jena (Kreisfreie Stadt)	Thüringen	110731	6239	94	56343	848	17.6	88.9	
Suhl (Kreisfreie Stadt)	Thüringen	36395	2898	122	79626	3352	34.4	71.9	15.4
Weimar (Kreisfreie Stadt)	Thüringen	65098	4077	111	62628	1705	42.9	78.6	
Eichsfeld (Landkreis)	Thüringen	99463	8331	259	83759	2603	35.3	70.6	
Nordhausen (Landkreis)	Thüringen	82456	3969	71	48134	861	26.9	67.3	13.6
Wartburgkreis (Landkreis)	Thüringen	159937	13959	336	87278	2100	4.2	79.2	47.4
Unstrut-Hainich-Kreis (Landkreis)	Thüringen	101698	9177	279	90237	2743	35.3	76.5	36.7
Kyffhäuserkreis (Landkreis)	Thüringen	73522	5644	153	76766	2081	16.7	100.0	19.1
Schmalkalden-Meiningen (Landkreis)	Thüringen	124241	13382	413	107710	3324	47.6	92.9	
Gotha (Landkreis)	Thüringen	134563	12780	216	94974	1605	63.2	89.5	
Sömmerda (Landkreis)	Thüringen	69107	5440	147	78718	2127	16.7	100.0	
Hildburghausen (Landkreis)	Thüringen	62656	7288	276	116317	4405	66.7	100.0	40.1
Ilm-Kreis (Landkreis)	Thüringen	105606	9311	246	88167	2329	29.4	64.7	
Weimarer Land (Landkreis)	Thüringen	82291	5820	88	70724	1069	13.1	92.9	13.3
Sonneberg (Landkreis)	Thüringen	57044	6218	181	109003	3172	50.0	100.0	25.2
Saalfeld-Rudolstadt (Landkreis)	Thüringen	102139	8735	321	85520	3142	59.1	81.8	15.3
Saale-Holzland-Kreis (Landkreis)	Thüringen	82816	6693	152	80817	1835	0.0	62.5	16.6
Saale-Orla-Kreis (Landkreis)	Thüringen	79632	8544	201	107293	2524	0.0	66.7	16.4
Greiz (Landkreis)	Thüringen	96668	10167	248	105174	2565	30.0	100.0	12.5
Altenburger Land (Landkreis)	Thüringen	88356	9362	321	105957	3633	18.8	87.5	13.5
Hamburg (Kreisfreie Stadt)	Hamburg	1852478	106351	1856	57410	1001	8.2	85.0	
Braunschweig (Kreisfreie Stadt)	Niedersachsen	248561	8763	199	35254	800	2.3	81.4	22.1
Salzgitter (Kreisfreie Stadt)	Niedersachsen	103866	7344	87	70706	837	3.4	93.1	7.4
Wolfsburg (Kreisfreie Stadt)	Niedersachsen	123840	5946	97	48013	783	21.9	93.8	44.1
Gifhorn (Landkreis)	Niedersachsen	177227	8719	202	49196	1139	50.0	100.0	22.4
Goslar (Landkreis)	Niedersachsen	134688	3672	139	27263	1032	12.5	95.8	8.4
Helmstedt (Landkreis)	Niedersachsen	91518	3210	99	35075	1081	5.9	94.1	12.1
Northeim (Landkreis)	Niedersachsen	131772	3756	66	28503	500	10.0	80.0	
Peine (Landkreis)	Niedersachsen	135844	7085	106	52155	780	0.0	66.7	21.9
Wolfenbüttel (Landkreis)	Niedersachsen	119361	3747	102	31392	854	12.5	87.5	46.0
Göttingen (Landkreis)	Niedersachsen	323900	10817	294	33396	907	10.5	78.2	12.3
Hannover (Landkreis)	Niedersachsen	1155330	63779	1117	55204	966	7.7	91.6	22.7
Diepholz (Landkreis)	Niedersachsen	218072	8914	112	40876	513	0.0	82.4	
Hameln-Pyrmont (Landkreis)	Niedersachsen	148580	5736	103	38605	693	5.4	82.4	7.6
Hildesheim (Landkreis)	Niedersachsen	275464	11688	306	42430	1110	2.6	89.5	16.5
Holzminden (Landkreis)	Niedersachsen	70207	2406	67	34270	954	18.2	81.8	
Nienburg (Weser) (Landkreis)	Niedersachsen	121645	4845	165	39829	1356	0.0	92.9	21.7
Schaumburg (Landkreis)	Niedersachsen	158406	6545	86	41317	542	3.7	85.2	
Celle (Landkreis)	Niedersachsen	179386	6649	86	37065	479	10.0	83.3	24.9
Cuxhaven (Landkreis)	Niedersachsen	198826	6073	181	30544	910	0.0	50.0	41.4
Harburg (Landkreis)	Niedersachsen	256016	9314	124	36380	484	9.4	90.6	31.9
Lüchow-Dannenberg (Landkreis)	Niedersachsen	48503	1253	27	25833	556	33.3	100.0	
Lüneburg (Landkreis)	Niedersachsen	184235	5228	73	28376	396	0.0	86.7	11.8
Osterholz (Landkreis)	Niedersachsen	114640	3518	67	30687	584	36.4	90.9	13.0
Rotenburg (Wümme) (Landkreis)	Niedersachsen	164486	5209	102	31668	620	0.0	86.7	
Heidekreis (Landkreis)	Niedersachsen	140885	4381	111	31096	787	10.0	65.0	20.0
Stade (Landkreis)	Niedersachsen	205357	7280	141	35450	686	3.2	67.7	48.9
Uelzen (Landkreis)	Niedersachsen	92566	2923	116	31577	1253	5.3	94.7	13.0
Verden (Landkreis)	Niedersachsen	137574	5813	74	42253	537	13.3	73.3	10.9
Delmenhorst (Kreisfreie Stadt)	Niedersachsen	77503	4695	73	60578	941	6.2	93.8	47.5
Emden (Kreisfreie Stadt)	Niedersachsen	49874	1722	16	34527	320	10.5	57.9	
Oldenburg (Oldb) (Kreisfreie Stadt)	Niedersachsen	169605	5975	54	35228	318	9.3	92.4	
Osnabrück (Kreisfreie Stadt)	Niedersachsen	164223	9352	108	56946	657	10.8	91.7	
Wilhelmshaven (Kreisfreie Stadt)	Niedersachsen	75189	2663	58	35417	771	10.7	85.7	
Ammerland (Landkreis)	Niedersachsen	125643	4113	70	32735	557	6.1	75.8	7.9
Aurich (Landkreis)	Niedersachsen	190178	4797	63	25223	331	2.7	64.9	7.4
Cloppenburg (Landkreis)	Niedersachsen	172632	14613	178	84648	1031	21.7	65.2	
Emsland (Landkreis)	Niedersachsen	328930	17155	216	52153	656	2.4	75.9	23.1
Friesland (Landkreis)	Niedersachsen	98971	2136	43	21582	434	6.5	67.7	6.0
Grafschaft Bentheim (Landkreis)	Niedersachsen	137891	6943	129	50351	935	0.0	92.6	6.7
Leer (Landkreis)	Niedersachsen	171483	5822	68	33950	396	3.3	60.0	33.5
Oldenburg (Landkreis)	Niedersachsen	131467	6283	119	47791	905	0.0	80.0	51.0
Osnabrück (Landkreis)	Niedersachsen	359471	19606	321	54541	892	8.0	88.6	
Vechta (Landkreis)	Niedersachsen	143698	10879	99	75707	688	13.9	77.8	8.5
Wesermarsch (Landkreis)	Niedersachsen	88524	3927	118	44360	1332	9.1	63.6	12.0
Wittmund (Landkreis)	Niedersachsen	57384	1599	35	27864	609	0.0	87.5	
Bremen (Kreisfreie Stadt)	Bremen	566573	29923	413	52814	728	9.4	93.7	12.3
Bremerhaven (Kreisfreie Stadt)	Bremen	113557	7307	124	64346	1091	10.4	93.8	
Düsseldorf (Kreisfreie Stadt)	Nordrhein-Westfalen	620523	37240	518	60013	834	7.7	94.3	21.5
Duisburg (Kreisfreie Stadt)	Nordrhein-Westfalen	495885	36766	712	74142	1435	9.3	84.1	28.3
Essen (Kreisfreie Stadt)	Nordrhein-Westfalen	582415	34390	617	59047	1059	8.2	92.4	35.3
Krefeld (Kreisfreie Stadt)	Nordrhein-Westfalen	226844	15341	193	67627	850	8.3	85.7	19.4
Mönchengladbach (Kreisfreie Stadt)	Nordrhein-Westfalen	259665	15631	251	60196	966	20.2	93.3	
Mülheim an der Ruhr (Kreisfreie Stadt)	Nordrhein-Westfalen	170921	10700	243	62602	1421	2.9	88.2	17.6
Oberhausen (Kreisfreie Stadt)	Nordrhein-Westfalen	209566	13786	388	65783	1851	8.6	80.0	19.4
Remscheid (Kreisfreie Stadt)	Nordrhein-Westfalen	111516	7743	186	69433	1667	7.7	92.3	
Solingen (Kreisfreie Stadt)	Nordrhein-Westfalen	159193	12077	210	75863	1319	11.1	88.9	9.6
Wuppertal (Kreisfreie Stadt)	Nordrhein-Westfalen	355004	27432	512	77272	1442	5.4	82.6	15.8
Kleve (Kreis)	Nordrhein-Westfalen	313586	14786	209	47151	666	10.4	85.1	51.3
Mettmann (Kreis)	Nordrhein-Westfalen	484322	31934	796	65935	1643	7.9	82.5	11.7
Rhein-Kreis Neuss (Kreis)	Nordrhein-Westfalen	452001	24895	383	55077	847	9.9	88.1	40.6
Viersen (Kreis)	Nordrhein-Westfalen	298536	15110	315	50613	1055	8.3	94.4	24.2
Wesel (Kreis)	Nordrhein-Westfalen	460113	22642	327	49209	710	14.6	87.0	31.1
Bonn (Kreisfreie Stadt)	Nordrhein-Westfalen	330579	19505	274	59002	828	8.3	97.2	10.6
Köln (Kreisfreie Stadt)	Nordrhein-Westfalen	1083498	74372	789	68640	728	12.7	92.5	32.6
Leverkusen (Kreisfreie Stadt)	Nordrhein-Westfalen	163905	11700	120	71382	732	5.8	91.3	29.1
Städteregion Aachen (Kreis)	Nordrhein-Westfalen	556631	34570	623	62105	1119	5.7	93.2	
Düren (Kreis)	Nordrhein-Westfalen	265140	17244	307	65037	1157	6.3	81.0	29.8
Rhein-Erft-Kreis (Kreis)	Nordrhein-Westfalen	469611	27111	436	57730	928	8.3	85.0	19.2
Euskirchen (Kreis)	Nordrhein-Westfalen	194359	10351	253	53257	1301	14.3	96.4	20.6
Heinsberg (Kreis)	Nordrhein-Westfalen	256458	15503	402	60450	1567	20.0	97.5	16.0
Oberbergischer Kreis (Kreis)	Nordrhein-Westfalen	271699	19523	283	71855	1041	9.2	84.2	13.1
Rheinisch-Bergischer Kreis (Kreis)	Nordrhein-Westfalen	283275	14654	195	51730	688	10.0	90.0	24.6
Rhein-Sieg-Kreis (Kreis)	Nordrhein-Westfalen	600375	31633	592	52688	986	9.3	94.2	46.7
Bottrop (Kreisfreie Stadt)	Nordrhein-Westfalen	117388	7068	129	60210	1098	9.3	72.1	
Gelsenkirchen (Kreisfreie Stadt)	Nordrhein-Westfalen	259105	20298	444	78338	1713	10.3	82.5	25.0
Münster (Kreisfreie Stadt)	Nordrhein-Westfalen	316403	11478	136	36276	429	5.0	95.0	30.3
Borken (Kreis)	Nordrhein-Westfalen	371898	18530	295	49825	793	10.6	83.3	15.6
Coesfeld (Kreis)	Nordrhein-Westfalen	220712	7248	104	32839	471	3.2	83.9	10.3
Recklinghausen (Kreis)	Nordrhein-Westfalen	613599	40031	1026	65239	1672	8.4	85.8	45.6
Steinfurt (Kreis)	Nordrhein-Westfalen	448197	22780	345	50825	769	3.8	74.5	
Warendorf (Kreis)	Nordrhein-Westfalen	277417	15368	271	55396	976	8.3	70.8	24.9
Bielefeld (Kreisfreie Stadt)	Nordrhein-Westfalen	333509	22054	385	66127	1154	10.9	94.2	
Gütersloh (Kreis)	Nordrhein-Westfalen	364818	26938	347	73839	951	15.4	88.5	
Herford (Kreis)	Nordrhein-Westfalen	250547	15300	203	61066	810	7.1	83.9	14.7
Höxter (Kreis)	Nordrhein-Westfalen	139729	6760	158	48379	1130	8.6	88.6	
Lippe (Kreis)	Nordrhein-Westfalen	346970	23902	430	68887	1239	26.0	96.0	42.8
Minden-Lübbecke (Kreis)	Nordrhein-Westfalen	310270	22089	319	71192	1028	9.7	86.5	21.9
Paderborn (Kreis)	Nordrhein-Westfalen	308335	14688	169	47636	548	12.9	85.9	19.0
Bochum (Kreisfreie Stadt)	Nordrhein-Westfalen	364454	21793	283	59796	776	9.1	91.4	
Dortmund (Kreisfreie Stadt)	Nordrhein-Westfalen	587696	37889	429	64470	729	5.2	91.0	15.1
Hagen (Kreisfreie Stadt)	Nordrhein-Westfalen	188687	16427	345	87059	1828	5.8	88.4	33.9
Hamm (Kreisfreie Stadt)	Nordrhein-Westfalen	178967	13264	222	74114	1240	5.3	76.6	14.1
Herne (Kreisfreie Stadt)	Nordrhein-Westfalen	156940	11840	283	75442	1803	7.8	87.5	21.0
Ennepe-Ruhr-Kreis (Kreis)	Nordrhein-Westfalen	323130	17545	391	54297	1210	2.2	77.6	31.2
Hochsauerlandkreis (Kreis)	Nordrhein-Westfalen	259030	12543	213	48422	822	7.8	84.4	
Märkischer Kreis (Kreis)	Nordrhein-Westfalen	408662	27048	449	66186	1098	7.5	82.1	8.2
Olpe (Kreis)	Nordrhein-Westfalen	133362	7461	173	55945	1297	0.0	76.9	10.2
Siegen-Wittgenstein (Kreis)	Nordrhein-Westfalen	275491	16083	195	58379	707	8.7	90.3	32.2
Soest (Kreis)	Nordrhein-Westfalen	301016	11820	211	39267	700	6.5	75.0	26.8
Unna (Kreis)	Nordrhein-Westfalen	393618	23069	512	58607	1300	5.7	93.4	14.3
Darmstadt (Kreisfreie Stadt)	Hessen	159174	8192	162	51465	1017	9.0	85.0	19.3
Frankfurt am Main (Kreisfreie Stadt)	Hessen	764104	55514	890	72652	1164	15.0	86.7	21.0
Offenbach am Main (Kreisfreie Stadt)	Hessen	130892	12885	206	98439	1573	17.0	96.2	
Wiesbaden (Kreisfreie Stadt)	Hessen	278609	17233	299	61853	1073	18.3	89.4	14.6
Bergstraße (Landkreis)	Hessen	271015	15240	355	56233	1309	12.5	87.5	8.5
Darmstadt-Dieburg (Landkreis)	Hessen	297701	14886	322	50003	1081	46.2	96.2	13.7
Groß-Gerau (Landkreis)	Hessen	275807	19044	315	69048	1142	37.5	95.8	
Hochtaunuskreis (Landkreis)	Hessen	237281	11449	233	48250	981	25.0	79.2	20.1
Main-Kinzig-Kreis (Landkreis)	Hessen	421689	30044	666	71246	1579	17.9	90.5	
Main-Taunus-Kreis (Landkreis)	Hessen	239264	12379	235	51737	982	19.2	100.0	19.7
Odenwaldkreis (Landkreis)	Hessen	96754	5945	183	61444	1891	1.6	96.0	15.5
Offenbach (Landkreis)	Hessen	356542	24842	587	69674	1646	40.9	72.7	19.5
Rheingau-Taunus-Kreis (Landkreis)	Hessen	187433	9240	195	49297	1040	25.0	81.2	24.1
Wetteraukreis (Landkreis)	Hessen	310353	17841	555	57486	1788	10.9	100.0	
Gießen (Landkreis)	Hessen	271667	17266	374	63555	1376	11.8	95.1	35.9
Lahn-Dill-Kreis (Landkreis)	Hessen	253373	15332	234	60511	923	4.3	100.0	
Limburg-Weilburg (Landkreis)	Hessen	172291	11480	291	66631	1689	4.2	93.8	
Marburg-Biedenkopf (Landkreis)	Hessen	245903	13698	296	55704	1203	4.4	89.6	
Vogelsbergkreis (Landkreis)	Hessen	105506	5091	111	48253	1052	8.0	76.0	
Kassel (Kreisfreie Stadt)	Hessen	201048	11117	203	55295	1009	8.4	90.9	57.6
Fulda (Landkreis)	Hessen	223023	17147	295	76884	1322	6.7	92.2	23.1
Hersfeld-Rotenburg (Landkreis)	Hessen	120304	7179	195	59673	1620	10.7	76.8	48.7
Kassel (Landkreis)	Hessen	237007	10466	230	44159	970	7.1	92.9	
Schwalm-Eder-Kreis (Landkreis)	Hessen	179840	8344	252	46396	1401	3.4	86.2	20.6
Waldeck-Frankenberg (Landkreis)	Hessen	156528	7875	156	50310	996	3.8	83.8	10.7
Werra-Meißner-Kreis (Landkreis)	Hessen	100046	4679	167	46768	1669	24.1	93.1	
Koblenz (Kreisfreie Stadt)	Rheinland-Pfalz	113388	5861	164	51689	1446	6.9	78.4	11.5
Ahrweiler (Landkreis)	Rheinland-Pfalz	130479	6469	67	49578	513	12.5	75.0	
Altenkirchen (Westerwald) (Landkreis)	Rheinland-Pfalz	129087	6557	106	50795	821	13.3	86.7	23.5
Bad Kreuznach (Landkreis)	Rheinland-Pfalz	158746	7964	149	50168	938	4.2	75.0	31.0
Birkenfeld (Landkreis)	Rheinland-Pfalz	80830	4739	99	58629	1224	5.6	83.3	
Cochem-Zell (Landkreis)	Rheinland-Pfalz	61578	2717	70	44122	1136	50.0	75.0	
Mayen-Koblenz (Landkreis)	Rheinland-Pfalz	214786	9690	190	45114	884	5.3	76.3	55.1
Neuwied (Landkreis)	Rheinland-Pfalz	183131	10778	202	58854	1103	12.1	90.9	
Rhein-Hunsrück-Kreis (Landkreis)	Rheinland-Pfalz	103401	5177	108	50067	1044	7.1	64.3	
Rhein-Lahn-Kreis (Landkreis)	Rheinland-Pfalz	122574	5219	103	42578	840	12.9	87.1	18.5
Westerwaldkreis (Landkreis)	Rheinland-Pfalz	202830	9650	174	47576	857	10.0	70.0	
Trier (Kreisfreie Stadt)	Rheinland-Pfalz	110674	3796	38	34298	343	7.5	83.8	
Bernkastel-Wittlich (Landkreis)	Rheinland-Pfalz	112685	4321	67	38345	594	4.5	90.9	
Eifelkreis Bitburg-Prüm (Landkreis)	Rheinland-Pfalz	100055	4391	34	43885	339	0.0	71.4	14.4
Vulkaneifel (Landkreis)	Rheinland-Pfalz	60491	2641	63	43659	1041	12.5	81.2	
Trier-Saarburg (Landkreis)	Rheinland-Pfalz	150533	5979	103	39718	684	6.2	56.2	
Frankenthal (Pfalz) (Kreisfreie Stadt)	Rheinland-Pfalz	48750	3162	57	64861	1169	27.3	72.7	
Kaiserslautern (Kreisfreie Stadt)	Rheinland-Pfalz	99662	4988	123	50049	1234	1.9	84.6	8.9
Landau in der Pfalz (Kreisfreie Stadt)	Rheinland-Pfalz	46685	2562	46	54878	985	15.0	90.0	
Ludwigshafen am Rhein (Kreisfreie Stadt)	Rheinland-Pfalz	172557	14202	345	82303	1999	10.3	89.7	
Mainz (Kreisfreie Stadt)	Rheinland-Pfalz	217123	13262	223	61080	1027	7.4	95.4	12.6
Neustadt an der Weinstraße (Kreisfreie Stadt)	Rheinland-Pfalz	53306	2648	44	49675	825	5.9	94.1	34.1
Pirmasens (Kreisfreie Stadt)	Rheinland-Pfalz	40176	1829	61	45524	1518	18.8	93.8	
Speyer (Kreisfreie Stadt)	Rheinland-Pfalz	50741	3943	95	77708	1872	14.3	96.4	22.1
Worms (Kreisfreie Stadt)	Rheinland-Pfalz	83459	5886	101	70525	1210	13.2	92.5	57.8
Zweibrücken (Kreisfreie Stadt)	Rheinland-Pfalz	34001	1199	9	35263	264	11.1	66.7	
Alzey-Worms (Landkreis)	Rheinland-Pfalz	130715	7114	143	54423	1093	0.0	85.7	26.2
Bad Dürkheim (Landkreis)	Rheinland-Pfalz	133004	6062	163	45577	1225	8.3	66.7	
Donnersbergkreis (Landkreis)	Rheinland-Pfalz	75539	3366	77	44559	1019	8.3	75.0	
Germersheim (Landkreis)	Rheinland-Pfalz	129006	8590	131	66586	1015	14.3	71.4	11.7
Kaiserslautern (Landkreis)	Rheinland-Pfalz	106320	5433	87	51100	818	10.0	40.0	
Kusel (Landkreis)	Rheinland-Pfalz	70105	2829	72	40353	1027	6.2	93.8	19.0
Südliche Weinstraße (Landkreis)	Rheinland-Pfalz	110783	5463	123	49312	1110	0.0	84.6	
Rhein-Pfalz-Kreis (Landkreis)	Rheinland-Pfalz	154754	9267	237	59882	1531			
Mainz-Bingen (Landkreis)	Rheinland-Pfalz	211525	9799	233	46325	1101	0.0	100.0	17.6
Südwestpfalz (Landkreis)	Rheinland-Pfalz	94912	3510	92	36981	969	0.0	11.1	9.5
Stuttgart (Stadtkreis)	Baden-Württemberg	630305	43611	535	69190	848	18.8	89.4	
Böblingen (Landkreis)	Baden-Württemberg	392898	24918	306	63421	778	24.5	98.1	
Esslingen (Landkreis)	Baden-Württemberg	533617	36901	594	69152	1113	30.5	85.4	43.2
Göppingen (Landkreis)	Baden-Württemberg	258781	18345	276	70890	1066	21.4	90.5	
Ludwigsburg (Landkreis)	Baden-Württemberg	544971	37776	541	69317	992	13.6	94.3	
Rems-Murr-Kreis (Landkreis)	Baden-Württemberg	427286	30164	403	70594	943	15.6	82.8	49.9
Heilbronn (Stadtkreis)	Baden-Württemberg	126458	12497	159	98823	1257	37.0	92.6	
Heilbronn (Landkreis)	Baden-Württemberg	346363	24026	223	69366	643	4.0	96.0	25.4
Hohenlohekreis (Landkreis)	Baden-Württemberg	112765	7797	141	69143	1250	28.6	100.0	
Schwäbisch Hall (Landkreis)	Baden-Württemberg	197860	14573	270	73653	1364	11.5	92.3	
Main-Tauber-Kreis (Landkreis)	Baden-Württemberg	132684	7326	95	55213	715	9.7	72.6	
Heidenheim (Landkreis)	Baden-Württemberg	132812	10034	185	75550	1392	29.2	75.0	
Ostalbkreis (Landkreis)	Baden-Württemberg	314294	22153	448	70484	1425	11.3	81.7	7.0
Baden-Baden (Stadtkreis)	Baden-Württemberg	55449	3310	74	59694	1334	13.6	81.8	17.0
Karlsruhe (Stadtkreis)	Baden-Württemberg	308436	16189	238	52487	771	19.4	93.5	45.3
Karlsruhe (Landkreis)	Baden-Württemberg	446852	27939	518	62524	1159	21.1	84.2	37.4
Rastatt (Landkreis)	Baden-Württemberg	232091	14666	234	63190	1008	0.0	100.0	
Heidelberg (Stadtkreis)	Baden-Württemberg	158741	6994	66	44059	415	7.2	86.8	19.5
Mannheim (Stadtkreis)	Baden-Württemberg	309721	23390	342	75519	1104	20.4	89.8	31.1
Neckar-Odenwald-Kreis (Landkreis)	Baden-Württemberg	143797	8935	152	62136	1057	13.0	65.2	30.4
Rhein-Neckar-Kreis (Landkreis)	Baden-Württemberg	548233	31352	475	57187	866	20.0	94.3	23.2
Pforzheim (Stadtkreis)	Baden-Württemberg	126016	12001	231	95233	1833	24.6	94.7	39.5
Calw (Landkreis)	Baden-Württemberg	160149	11854	194	74018	1211	10.7	82.1	
Enzkreis (Landkreis)	Baden-Württemberg	199752	14342	278	71799	1391	20.0	86.7	16.0
Freudenstadt (Landkreis)	Baden-Württemberg	118364	7572	166	63972	1402	33.3	100.0	21.7
Freiburg im Breisgau (Stadtkreis)	Baden-Württemberg	230940	11624	180	50333	779	11.3	79.7	42.1
Breisgau-Hochschwarzwald (Landkreis)	Baden-Württemberg	264867	12530	203	47306	766	10.3	93.1	
Emmendingen (Landkreis)	Baden-Württemberg	166862	8944	180	53601	1078	6.5	97.8	21.8
Ortenaukreis (Landkreis)	Baden-Württemberg	432580	28181	617	65146	1426	19.5	82.9	
Rottweil (Landkreis)	Baden-Württemberg	140166	11456	180	81731	1284	70.0	100.0	
Schwarzwald-Baar-Kreis (Landkreis)	Baden-Württemberg	212872	15659	234	73560	1099	20.3	96.6	8.9
Tuttlingen (Landkreis)	Baden-Württemberg	141682	10768	167	76001	1178	50.0	90.0	11.2
Konstanz (Landkreis)	Baden-Württemberg	286876	15878	313	55347	1091	8.3	79.8	21.1
Lörrach (Landkreis)	Baden-Württemberg	228842	13517	322	59066	1407	6.5	90.3	13.9
Waldshut (Landkreis)	Baden-Württemberg	171237	9982	230	58293	1343	20.0	100.0	43.9
Reutlingen (Landkreis)	Baden-Württemberg	287497	20312	301	70651	1046	13.6	86.4	
Tübingen (Landkreis)	Baden-Württemberg	228471	13192	194	57740	849	21.3	95.7	12.4
Zollernalbkreis (Landkreis)	Baden-Württemberg	189862	13151	185	69266	974	38.5	96.2	14.0
Ulm (Stadtkreis)	Baden-Württemberg	126405	8784	94	69490	743	13.2	92.6	23.3
Alb-Donau-Kreis (Landkreis)	Baden-Württemberg	198204	13144	184	66315	928	16.7	100.0	30.5
Biberach (Landkreis)	Baden-Württemberg	202250	14572	203	72049	1003	31.2	100.0	
Bodenseekreis (Landkreis)	Baden-Württemberg	217901	12471	179	57232	821	13.2	69.8	
Ravensburg (Landkreis)	Baden-Württemberg	285888	17274	158	60422	552	29.4	82.4	21.9
Sigmaringen (Landkreis)	Baden-Württemberg	130946	9079	103	69333	786	25.0	75.0	22.5
Ingolstadt (Kreisfreie Stadt)	Bayern	136952	10004	157	73047	1146	36.2	95.7	18.0
München (Kreisfreie Stadt)	Bayern	1488202	111849	1438	75157	966	21.0	93.8	3.7
Rosenheim (Kreisfreie Stadt)	Bayern	63591	6331	79	99558	1242	33.3	76.2	12.2
Altötting (Landkreis)	Bayern	111654	9932	223	88953	1997	38.5	96.2	21.7
Berchtesgadener Land (Landkreis)	Bayern	106327	11728	112	110301	1053	20.0	100.0	
Bad Tölz-Wolfratshausen (Landkreis)	Bayern	128212	10553	105	82308	818	45.8	91.7	
Dachau (Landkreis)	Bayern	155117	12243	158	78927	1018	34.5	100.0	18.9
Ebersberg (Landkreis)	Bayern	144091	10568	191	73342	1325	25.0	90.0	
Eichstätt (Landkreis)	Bayern	133169	8146	108	61170	811	10.9	93.5	33.9
Erding (Landkreis)	Bayern	138891	11431	129	82301	928	27.3	100.0	
Freising (Landkreis)	Bayern	180313	12410	148	68824	820	38.5	100.0	28.0
Fürstenfeldbruck (Landkreis)	Bayern	218740	13756	156	62887	713	45.5	90.9	
Garmisch-Partenkirchen (Landkreis)	Bayern	88279	5688	94	64432	1064	25.9	93.1	34.0
Landsberg am Lech (Landkreis)	Bayern	121019	6532	90	53974	743	28.6	85.7	13.1
Miesbach (Landkreis)	Bayern	100183	8806	98	87899	978	38.1	76.2	
Mühldorf a. Inn (Landkreis)	Bayern	116483	12444	201	106831	1725	41.2	64.7	55.9
München (Landkreis)	Bayern	349685	22390	310	64029	886	0.0	83.3	48.2
Neuburg-Schrobenhausen (Landkreis)	Bayern	97730	6617	91	67706	931	11.4	80.0	11.1
Pfaffenhofen a.d. Ilm (Landkreis)	Bayern	129128	8637	172	66887	1332	25.0	75.0	31.3
Rosenheim (Landkreis)	Bayern	261721	24446	511	93404	1952	27.7	90.8	14.4
Starnberg (Landkreis)	Bayern	136610	7766	130	56847	951	20.8	85.4	30.1
Traunstein (Landkreis)	Bayern	177485	20260	247	114150	1391	36.4	85.5	36.9
Weilheim-Schongau (Landkreis)	Bayern	136134	8202	90	60249	661	21.7	69.6	8.9
Landshut (Kreisfreie Stadt)	Bayern	73065	5887	122	80572	1669	23.6	96.4	7.0
Passau (Kreisfreie Stadt)	Bayern	52415	4641	121	88543	2308	21.3	76.6	34.9
Straubing (Kreisfreie Stadt)	Bayern	47612	3774	101	79265	2121	44.4	100.0	30.7
Deggendorf (Landkreis)	Bayern	119479	11076	172	92702	1439	50.0	93.3	36.1
Freyung-Grafenau (Landkreis)	Bayern	78355	7879	138	100555	1761	61.1	100.0	12.2
Kelheim (Landkreis)	Bayern	123390	9066	120	73474	972	35.3	88.2	26.2
Landshut (Landkreis)	Bayern	161191	13120	178	81394	1104	50.0	100.0	9.7
Passau (Landkreis)	Bayern	193454	19860	392	102660	2026	53.8	96.2	23.8
Regen (Landkreis)	Bayern	77313	8385	178	108455	2302	46.2	100.0	
Rottal-Inn (Landkreis)	Bayern	121800	12967	224	106461	1839	56.2	93.8	23.4
Straubing-Bogen (Landkreis)	Bayern	101745	8934	154	87807	1513	50.0	83.3	41.4
Dingolfing-Landau (Landkreis)	Bayern	97244	10108	124	103944	1275	18.2	63.6	
Amberg (Kreisfreie Stadt)	Bayern	42052	2657	34	63183	808	17.9	74.4	
Regensburg (Kreisfreie Stadt)	Bayern	152270	11527	113	75701	742	20.3	87.3	
Weiden i.d. OPf. (Kreisfreie Stadt)	Bayern	42535	3362	100	79040	2351	23.1	90.4	
Amberg-Sulzbach (Landkreis)	Bayern	102998	6541	171	63506	1660	40.0	80.0	
Cham (Landkreis)	Bayern	128094	10723	205	83711	1600	63.6	90.9	13.8
Neumarkt i.d. OPf. (Landkreis)	Bayern	135225	10765	172	79608	1271	36.4	90.9	
Neustadt a.d. Waldnaab (Landkreis)	Bayern	94645	6991	195	73865	2060			19.2
Regensburg (Landkreis)	Bayern	194275	12860	213	66194	1096	30.8	100.0	37.4
Schwandorf (Landkreis)	Bayern	148477	11828	185	79662	1245	31.8	77.3	23.6
Tirschenreuth (Landkreis)	Bayern	71696	6213	267	86657	3724	12.5	81.2	
Bamberg (Kreisfreie Stadt)	Bayern	76674	4493	107	58598	1395	20.0	74.0	11.4
Bayreuth (Kreisfreie Stadt)	Bayern	74048	4468	116	60339	1566	13.6	91.5	24.0
Coburg (Kreisfreie Stadt)	Bayern	40842	3012	93	73747	2277	17.5	85.0	20.4
Hof (Kreisfreie Stadt)	Bayern	45173	4611	122	102074	2700	9.1	87.9	35.6
Bamberg (Landkreis)	Bayern	147497	8465	159	57390	1077	25.0	81.2	10.0
Bayreuth (Landkreis)	Bayern	103679	6417	171	61892	1649	0.0	100.0	47.1
Coburg (Landkreis)	Bayern	86571	6233	166	71998	1917			10.2
Forchheim (Landkreis)	Bayern	116600	6876	124	58970	1063	7.1	64.3	47.5
Hof (Landkreis)	Bayern	94522	7868	170	83239	1798	41.2	100.0	56.6
Kronach (Landkreis)	Bayern	66355	5909	107	89051	1612	26.7	86.7	19.6
Kulmbach (Landkreis)	Bayern	71428	5100	125	71400	1750	16.0	100.0	11.1
Lichtenfels (Landkreis)	Bayern	66722	4665	90	69916	1348	2.7	86.5	8.3
Wunsiedel i. Fichtelgebirge (Landkreis)	Bayern	71974	6122	205	85058	2848	11.1	72.2	
Ansbach (Kreisfreie Stadt)	Bayern	41681	2695	46	64657	1103	42.9	71.4	7.4
Erlangen (Kreisfreie Stadt)	Bayern	112385	5546	102	49348	907	18.2	96.7	19.0
Fürth (Kreisfreie Stadt)	Bayern	128223	10774	237	84025	1848	20.0	80.0	24.2
Nürnberg (Kreisfreie Stadt)	Bayern	515543	47229	1007	91610	1953	17.0	85.1	21.8
Schwabach (Kreisfreie Stadt)	Bayern	41056	3153	115	76797	2801	40.0	60.0	12.7
Ansbach (Landkreis)	Bayern	185316	12433	208	67090	1122	18.2	86.4	13.8
Erlangen-Höchstadt (Landkreis)	Bayern	138105	7698	142	55740	1028	50.0	75.0	14.8
Fürth (Landkreis)	Bayern	118695	7608	222	64097	1870			16.9
Nürnberger Land (Landkreis)	Bayern	171143	10076	196	58874	1145	39.1	87.0	
Neustadt a.d. Aisch-Bad Windsheim (Landkreis)	Bayern	101272	6209	115	61310	1135	10.4	85.4	
Roth (Landkreis)	Bayern	127168	8353	185	65684	1454	80.0	80.0	23.7
Weißenburg-Gunzenhausen (Landkreis)	Bayern	95117	6763	125	71101	1314	37.5	93.8	20.2
Aschaffenburg (Kreisfreie Stadt)	Bayern	70858	4910	120	69293	1693	11.5	100.0	15.0
Schweinfurt (Kreisfreie Stadt)	Bayern	53319	4681	103	87792	1931	23.8	90.5	
Würzburg (Kreisfreie Stadt)	Bayern	126954	6829	134	53791	1055	15.3	85.5	49.8
Aschaffenburg (Landkreis)	Bayern	174658	10629	218	60856	1248	33.3	100.0	10.8
Bad Kissingen (Landkreis)	Bayern	103169	5436	115	52690	1114	8.3	94.4	
Rhön-Grabfeld (Landkreis)	Bayern	79510	5115	99	64331	1245	9.3	97.1	28.4
Haßberge (Landkreis)	Bayern	84275	5743	93	68145	1103	50.0	100.0	25.4
Kitzingen (Landkreis)	Bayern	91696	4758	88	51888	959	57.1	85.7	21.2
Miltenberg (Landkreis)	Bayern	128743	8135	147	63187	1141	62.5	75.0	
Main-Spessart (Landkreis)	Bayern	125976	6063	220	48128	1746	14.3	71.4	10.9
Schweinfurt (Landkreis)	Bayern	115652	7378	154	63794	1331	16.7	66.7	18.2
Würzburg (Landkreis)	Bayern	162697	6754	86	41512	528	22.2	88.9	29.9
Augsburg (Kreisfreie Stadt)	Bayern	295830	26211	455	88601	1538	15.3	84.0	29.6
Kaufbeuren (Kreisfreie Stadt)	Bayern	44662	3446	67	77157	1500	50.0	88.9	16.3
Kempten (Allgäu) (Kreisfreie Stadt)	Bayern	68940	5381	50	78053	725	15.9	90.9	
Memmingen (Kreisfreie Stadt)	Bayern	44360	3477	27	78381	608	30.8	88.5	
Aichach-Friedberg (Landkreis)	Bayern	135024	8199	112	60722	829	33.3	80.0	24.8
Augsburg (Landkreis)	Bayern	255900	17996	266	70324	1039	61.5	92.3	15.9
Dillingen a.d. Donau (Landkreis)	Bayern	97172	6685	146	68795	1502	57.1	92.9	49.4
Günzburg (Landkreis)	Bayern	127342	10762	120	84512	942	24.0	86.0	
Neu-Ulm (Landkreis)	Bayern	175823	12513	143	71168	813	33.3	88.9	13.1
Lindau (Bodensee) (Landkreis)	Bayern	82085	5190	66	63227	804	25.0	83.3	18.2
Ostallgäu (Landkreis)	Bayern	141907	11718	145	82575	1021	35.3	88.2	25.8
Unterallgäu (Landkreis)	Bayern	146164	11929	183	81613	1252	64.3	92.9	
Donau-Ries (Landkreis)	Bayern	134324	9501	181	70731	1347	22.7	95.5	
Oberallgäu (Landkreis)	Bayern	156308	11331	100	72491	639	46.7	93.3	
